{"cameraMode":{"drawMode":0,"name":"Shaded","section":"Shading Mode"},"sceneLighting":false,"audioPlay":false,"sceneViewState":{"m_AlwaysRefresh":false,"showFog":true,"showSkybox":false,"showFlares":true,"showImageEffects":true,"showParticleSystems":true,"showVisualEffectGraphs":true,"m_FxEnabled":true},"in2DMode":false,"pivot":{"x":4.76837158203125e-7,"y":2.0680174827575685,"z":-1.8851165771484376},"rotation":{"x":0.000411170010920614,"y":-0.9992507696151733,"z":-0.012081712484359742,"w":-0.03805852308869362},"size":2.9787025451660158,"orthographic":false}