{"cameraMode":{"drawMode":0,"name":"Shaded","section":"Shading Mode"},"sceneLighting":false,"audioPlay":false,"sceneViewState":{"m_AlwaysRefresh":false,"showFog":true,"showSkybox":false,"showFlares":true,"showImageEffects":true,"showParticleSystems":true,"showVisualEffectGraphs":true,"m_FxEnabled":true},"in2DMode":false,"pivot":{"x":0.01035308837890625,"y":1.9045441150665284,"z":0.599934458732605},"rotation":{"x":-0.035464465618133548,"y":0.7012028694152832,"z":-0.034947142004966739,"w":-0.7112502455711365},"size":3.9753549098968508,"orthographic":false}