{"cameraMode":{"drawMode":0,"name":"Shaded","section":"Shading Mode"},"sceneLighting":false,"audioPlay":false,"sceneViewState":{"m_AlwaysRefresh":false,"showFog":true,"showSkybox":false,"showFlares":true,"showImageEffects":true,"showParticleSystems":true,"showVisualEffectGraphs":true,"m_FxEnabled":true},"in2DMode":false,"pivot":{"x":4.76837158203125e-7,"y":2.024184226989746,"z":-3.8774237632751467},"rotation":{"x":-0.003719303524121642,"y":-0.9959536194801331,"z":0.07625030726194382,"w":-0.048408739268779758},"size":3.011542320251465,"orthographic":false}