{"cameraMode":{"drawMode":0,"name":"Shaded","section":"Shading Mode"},"sceneLighting":false,"audioPlay":false,"sceneViewState":{"m_AlwaysRefresh":false,"showFog":true,"showSkybox":false,"showFlares":true,"showImageEffects":true,"showParticleSystems":true,"showVisualEffectGraphs":true,"m_FxEnabled":true},"in2DMode":false,"pivot":{"x":-2.0000007152557375,"y":1.5458132028579713,"z":-0.0009100809693336487},"rotation":{"x":0.19071578979492188,"y":-0.017042238265275956,"z":0.003328148042783141,"w":0.9815399050712586},"size":2.5510828495025636,"orthographic":false}