{"cameraMode":{"drawMode":0,"name":"Shaded","section":"Shading Mode"},"sceneLighting":true,"audioPlay":false,"sceneViewState":{"m_AlwaysRefresh":false,"showFog":true,"showSkybox":true,"showFlares":true,"showImageEffects":true,"showParticleSystems":true,"showVisualEffectGraphs":true,"m_FxEnabled":true},"in2DMode":false,"pivot":{"x":1.0793448686599732,"y":1.8250690698623658,"z":-0.6011703014373779},"rotation":{"x":0.023786069825291635,"y":-0.3879140317440033,"z":0.01001120638102293,"w":0.9213407635688782},"size":1.436499834060669,"orthographic":false}