{"cameraMode":{"drawMode":0,"name":"Shaded","section":"Shading Mode"},"sceneLighting":true,"audioPlay":false,"sceneViewState":{"m_AlwaysRefresh":false,"showFog":true,"showSkybox":true,"showFlares":true,"showImageEffects":true,"showParticleSystems":true,"showVisualEffectGraphs":true,"m_FxEnabled":true},"in2DMode":false,"pivot":{"x":-23.367328643798829,"y":1.4720048904418946,"z":17.677051544189454},"rotation":{"x":-0.227801114320755,"y":-0.1542692631483078,"z":0.036586735397577289,"w":-0.9607502818107605},"size":26.471036911010743,"orthographic":false}