{"cameraMode":{"drawMode":0,"name":"Shaded","section":"Shading Mode"},"sceneLighting":true,"audioPlay":false,"sceneViewState":{"m_AlwaysRefresh":false,"showFog":true,"showSkybox":true,"showFlares":true,"showImageEffects":true,"showParticleSystems":true,"showVisualEffectGraphs":true,"m_FxEnabled":true},"in2DMode":false,"pivot":{"x":0.7553879022598267,"y":2.316222667694092,"z":-4.605828285217285},"rotation":{"x":-0.02088910900056362,"y":0.09342256933450699,"z":-0.0013208026066422463,"w":-0.9960705041885376},"size":2.1074814796447756,"orthographic":false}