{"cameraMode":{"drawMode":0,"name":"Shaded","section":"Shading Mode"},"sceneLighting":true,"audioPlay":false,"sceneViewState":{"m_AlwaysRefresh":false,"showFog":true,"showSkybox":true,"showFlares":true,"showImageEffects":true,"showParticleSystems":true,"showVisualEffectGraphs":true,"m_FxEnabled":true},"in2DMode":false,"pivot":{"x":-1.300912618637085,"y":4.881636619567871,"z":25.249786376953126},"rotation":{"x":0.15684066712856294,"y":-0.1482219249010086,"z":0.023818369954824449,"w":0.9761638045310974},"size":3.2608768939971926,"orthographic":false}