{"cameraMode":{"drawMode":0,"name":"Shaded","section":"Shading Mode"},"sceneLighting":true,"audioPlay":false,"sceneViewState":{"m_AlwaysRefresh":false,"showFog":true,"showSkybox":true,"showFlares":true,"showImageEffects":true,"showParticleSystems":true,"showVisualEffectGraphs":true,"m_FxEnabled":true},"in2DMode":false,"pivot":{"x":-23.63050651550293,"y":2.151876926422119,"z":-28.824392318725587},"rotation":{"x":0.10619806498289108,"y":0.41995060443878176,"z":-0.049093328416347507,"w":0.9004777669906616},"size":3.3098833560943605,"orthographic":false}