{"cameraMode":{"drawMode":0,"name":"Shaded","section":"Shading Mode"},"sceneLighting":true,"audioPlay":false,"sceneViewState":{"m_AlwaysRefresh":false,"showFog":true,"showSkybox":true,"showFlares":true,"showImageEffects":true,"showParticleSystems":true,"showVisualEffectGraphs":true,"m_FxEnabled":true},"in2DMode":false,"pivot":{"x":115.21929931640625,"y":20.821439743041993,"z":30.57137680053711},"rotation":{"x":-0.1250256448984146,"y":-0.44216620922088625,"z":0.06312132626771927,"w":-0.8867769837379456},"size":102.79596710205078,"orthographic":false}