{"cameraMode":{"drawMode":0,"name":"Shaded","section":"Shading Mode"},"sceneLighting":true,"audioPlay":false,"sceneViewState":{"m_AlwaysRefresh":false,"showFog":true,"showSkybox":true,"showFlares":true,"showImageEffects":true,"showParticleSystems":true,"showVisualEffectGraphs":true,"m_FxEnabled":true},"in2DMode":false,"pivot":{"x":-80.75662994384766,"y":28.298341751098634,"z":45.504798889160159},"rotation":{"x":-0.08780834078788758,"y":0.36163467168807986,"z":-0.03312157839536667,"w":-0.9283862709999085},"size":31.027225494384767,"orthographic":false}