{"cameraMode":{"drawMode":0,"name":"Shaded","section":"Shading Mode"},"sceneLighting":true,"audioPlay":false,"sceneViewState":{"m_AlwaysRefresh":false,"showFog":true,"showSkybox":true,"showFlares":true,"showImageEffects":true,"showParticleSystems":true,"showVisualEffectGraphs":true,"m_FxEnabled":true},"in2DMode":false,"pivot":{"x":16.051387786865236,"y":-0.8190910816192627,"z":-13.675691604614258},"rotation":{"x":0.2879226803779602,"y":-0.05889515206217766,"z":0.01741969585418701,"w":0.9563689827919006},"size":6.162511348724365,"orthographic":false}