{"cameraMode":{"drawMode":0,"name":"Shaded","section":"Shading Mode"},"sceneLighting":false,"audioPlay":false,"sceneViewState":{"m_AlwaysRefresh":false,"showFog":false,"showSkybox":false,"showFlares":false,"showImageEffects":false,"showParticleSystems":false,"showVisualEffectGraphs":true,"m_FxEnabled":true},"in2DMode":false,"pivot":{"x":0.08994275331497193,"y":0.21074289083480836,"z":0.1836404800415039},"rotation":{"x":-0.002286928938701749,"y":-0.9603895545005798,"z":0.27856743335723879,"w":-0.007883474230766297},"size":1.526269793510437,"orthographic":false}