{"cameraMode":{"drawMode":0,"name":"Shaded","section":"Shading Mode"},"sceneLighting":true,"audioPlay":false,"sceneViewState":{"m_AlwaysRefresh":false,"showFog":true,"showSkybox":false,"showFlares":true,"showImageEffects":true,"showParticleSystems":true,"showVisualEffectGraphs":true,"m_FxEnabled":true},"in2DMode":false,"pivot":{"x":0.25300002098083498,"y":1.8091000318527222,"z":0.00011968612670898438},"rotation":{"x":-0.0021692451555281879,"y":-0.9927918910980225,"z":0.12384910881519318,"w":-0.01622900925576687},"size":6.062177658081055,"orthographic":false}