{"cameraMode":{"drawMode":0,"name":"Shaded","section":"Shading Mode"},"sceneLighting":false,"audioPlay":false,"sceneViewState":{"m_AlwaysRefresh":false,"showFog":true,"showSkybox":false,"showFlares":true,"showImageEffects":true,"showParticleSystems":true,"showVisualEffectGraphs":true,"m_FxEnabled":true},"in2DMode":false,"pivot":{"x":0.014530181884765625,"y":2.275852918624878,"z":0.0026144981384277345},"rotation":{"x":0.00017944521096069366,"y":-0.9995778799057007,"z":0.029908237978816034,"w":0.0069299424067139629},"size":6.16234016418457,"orthographic":false}