{"cameraMode":{"drawMode":0,"name":"Shaded","section":"Shading Mode"},"sceneLighting":false,"audioPlay":false,"sceneViewState":{"m_AlwaysRefresh":false,"showFog":true,"showSkybox":false,"showFlares":true,"showImageEffects":true,"showParticleSystems":true,"showVisualEffectGraphs":true,"m_FxEnabled":true},"in2DMode":false,"pivot":{"x":0.0057713985443115238,"y":1.1980382204055787,"z":-0.006684303283691406},"rotation":{"x":-0.023307953029870988,"y":-0.9059132933616638,"z":0.050242841243743899,"w":-0.4199388921260834},"size":3.2162771224975588,"orthographic":false}