{"cameraMode":{"drawMode":0,"name":"Shaded","section":"Shading Mode"},"sceneLighting":false,"audioPlay":false,"sceneViewState":{"m_AlwaysRefresh":false,"showFog":true,"showSkybox":false,"showFlares":true,"showImageEffects":true,"showParticleSystems":true,"showVisualEffectGraphs":true,"m_FxEnabled":true},"in2DMode":false,"pivot":{"x":-2.982518196105957,"y":3.6537203788757326,"z":12.490724563598633},"rotation":{"x":0.43850189447402956,"y":-0.03627297282218933,"z":0.01771330088376999,"w":0.8978679776191711},"size":5.921356201171875,"orthographic":false}