{"cameraMode":{"drawMode":0,"name":"Shaded","section":"Shading Mode"},"sceneLighting":false,"audioPlay":false,"sceneViewState":{"m_AlwaysRefresh":false,"showFog":true,"showSkybox":false,"showFlares":true,"showImageEffects":true,"showParticleSystems":true,"showVisualEffectGraphs":true,"m_FxEnabled":true},"in2DMode":false,"pivot":{"x":-0.042453765869140628,"y":2.3913607597351076,"z":1.1920928955078126e-7},"rotation":{"x":-0.000815796956885606,"y":-0.9976360201835632,"z":-0.012060967274010182,"w":0.06837614625692368},"size":3.3131704330444338,"orthographic":false}