{"cameraMode":{"drawMode":0,"name":"Shaded","section":"Shading Mode"},"sceneLighting":false,"audioPlay":false,"sceneViewState":{"m_AlwaysRefresh":false,"showFog":true,"showSkybox":false,"showFlares":true,"showImageEffects":true,"showParticleSystems":true,"showVisualEffectGraphs":true,"m_FxEnabled":true},"in2DMode":false,"pivot":{"x":-20.095609664916993,"y":5.411219120025635,"z":-0.2317337989807129},"rotation":{"x":0.5695310235023499,"y":0.004230969585478306,"z":-0.002911656629294157,"w":0.8220107555389404},"size":1.9463083744049073,"orthographic":false}