{"cameraMode":{"drawMode":0,"name":"Shaded","section":"Shading Mode"},"sceneLighting":false,"audioPlay":false,"sceneViewState":{"m_AlwaysRefresh":false,"showFog":true,"showSkybox":false,"showFlares":true,"showImageEffects":true,"showParticleSystems":true,"showVisualEffectGraphs":true,"m_FxEnabled":true},"in2DMode":false,"pivot":{"x":-10.031268119812012,"y":2.115208864212036,"z":-3.9942588806152345},"rotation":{"x":0.031366776674985889,"y":0.05159050226211548,"z":-0.0016123057575896383,"w":0.9982250332832336},"size":3.636319875717163,"orthographic":false}