{"cameraMode":{"drawMode":0,"name":"Shaded","section":"Shading Mode"},"sceneLighting":false,"audioPlay":false,"sceneViewState":{"m_AlwaysRefresh":false,"showFog":true,"showSkybox":false,"showFlares":true,"showImageEffects":true,"showParticleSystems":true,"showVisualEffectGraphs":true,"m_FxEnabled":true},"in2DMode":false,"pivot":{"x":-0.000005125999450683594,"y":1.090808629989624,"z":2.001608371734619},"rotation":{"x":-0.001168615184724331,"y":-0.981188178062439,"z":-0.005975295323878527,"w":0.1932142972946167},"size":1.870405912399292,"orthographic":false}