{"cameraMode":{"drawMode":0,"name":"Shaded","section":"Shading Mode"},"sceneLighting":false,"audioPlay":false,"sceneViewState":{"m_AlwaysRefresh":false,"showFog":true,"showSkybox":false,"showFlares":true,"showImageEffects":true,"showParticleSystems":true,"showVisualEffectGraphs":true,"m_FxEnabled":true},"in2DMode":false,"pivot":{"x":-0.0020864009857177736,"y":4.775857925415039,"z":0.006914854049682617},"rotation":{"x":0.07159368693828583,"y":-0.6854909062385559,"z":0.06802190095186234,"w":0.72142094373703},"size":5.6847052574157719,"orthographic":false}