{"cameraMode":{"drawMode":0,"name":"Shaded","section":"Shading Mode"},"sceneLighting":false,"audioPlay":false,"sceneViewState":{"m_AlwaysRefresh":false,"showFog":true,"showSkybox":false,"showFlares":true,"showImageEffects":true,"showParticleSystems":true,"showVisualEffectGraphs":true,"m_FxEnabled":true},"in2DMode":false,"pivot":{"x":-4.017994403839111,"y":0.19564570486545564,"z":0.9999996423721314},"rotation":{"x":0.02040906250476837,"y":0.7282315492630005,"z":-0.021472446620464326,"w":0.6856048107147217},"size":0.2639254331588745,"orthographic":false}