{"cameraMode":{"drawMode":0,"name":"Shaded","section":"Shading Mode"},"sceneLighting":false,"audioPlay":false,"sceneViewState":{"m_AlwaysRefresh":false,"showFog":true,"showSkybox":false,"showFlares":true,"showImageEffects":true,"showParticleSystems":true,"showVisualEffectGraphs":true,"m_FxEnabled":true},"in2DMode":false,"pivot":{"x":-20.06485939025879,"y":5.435180187225342,"z":-2.1954400539398195},"rotation":{"x":0.17140056192874909,"y":0.04347249120473862,"z":-0.007551844697445631,"w":0.9842605590820313},"size":0.7872086763381958,"orthographic":false}