{"cameraMode":{"drawMode":0,"name":"Shaded","section":"Shading Mode"},"sceneLighting":false,"audioPlay":false,"sceneViewState":{"m_AlwaysRefresh":false,"showFog":true,"showSkybox":false,"showFlares":true,"showImageEffects":true,"showParticleSystems":true,"showVisualEffectGraphs":true,"m_FxEnabled":true},"in2DMode":false,"pivot":{"x":0.743402361869812,"y":1.1294949054718018,"z":-1.1305314302444459},"rotation":{"x":0.14174038171768189,"y":0.052581604570150378,"z":-0.007494388148188591,"w":0.9885292053222656},"size":2.597318410873413,"orthographic":false}