{"cameraMode":{"drawMode":0,"name":"Shaded","section":"Shading Mode"},"sceneLighting":false,"audioPlay":false,"sceneViewState":{"m_AlwaysRefresh":false,"showFog":true,"showSkybox":false,"showFlares":true,"showImageEffects":true,"showParticleSystems":true,"showVisualEffectGraphs":true,"m_FxEnabled":true},"in2DMode":false,"pivot":{"x":-4.76837158203125e-7,"y":1.7969427108764649,"z":7.152557373046875e-7},"rotation":{"x":0.19071578979492188,"y":-0.017042238265275956,"z":0.003328148042783141,"w":0.9815399050712586},"size":3.4834184646606447,"orthographic":false}