{"cameraMode":{"drawMode":0,"name":"Shaded","section":"Shading Mode"},"sceneLighting":false,"audioPlay":false,"sceneViewState":{"m_AlwaysRefresh":false,"showFog":true,"showSkybox":false,"showFlares":true,"showImageEffects":true,"showParticleSystems":true,"showVisualEffectGraphs":true,"m_FxEnabled":true},"in2DMode":false,"pivot":{"x":-0.002086162567138672,"y":7.334029197692871,"z":-0.007009148597717285},"rotation":{"x":0.07159368693828583,"y":-0.6854909062385559,"z":0.06802190095186234,"w":0.72142094373703},"size":8.727179527282715,"orthographic":false}