{"cameraMode":{"drawMode":0,"name":"Shaded","section":"Shading Mode"},"sceneLighting":false,"audioPlay":false,"sceneViewState":{"m_AlwaysRefresh":false,"showFog":true,"showSkybox":false,"showFlares":true,"showImageEffects":true,"showParticleSystems":true,"showVisualEffectGraphs":true,"m_FxEnabled":true},"in2DMode":false,"pivot":{"x":195.19305419921876,"y":2.409552812576294,"z":422.51007080078127},"rotation":{"x":0.4485277235507965,"y":0.03388509526848793,"z":-0.01716107502579689,"w":0.8931233882904053},"size":5.9873433113098148,"orthographic":false}