{"cameraMode":{"drawMode":0,"name":"Shaded","section":"Shading Mode"},"sceneLighting":true,"audioPlay":false,"sceneViewState":{"m_AlwaysRefresh":false,"showFog":true,"showSkybox":false,"showFlares":true,"showImageEffects":true,"showParticleSystems":true,"showVisualEffectGraphs":true,"m_FxEnabled":true},"in2DMode":false,"pivot":{"x":-0.0063745975494384769,"y":0.7130000591278076,"z":0.006518363952636719},"rotation":{"x":-0.21160857379436494,"y":0.7159015536308289,"z":-0.2451876401901245,"w":-0.6195442080497742},"size":3.6373064517974855,"orthographic":false}