{"cameraMode":{"drawMode":0,"name":"Shaded","section":"Shading Mode"},"sceneLighting":false,"audioPlay":false,"sceneViewState":{"m_AlwaysRefresh":false,"showFog":true,"showSkybox":false,"showFlares":true,"showImageEffects":true,"showParticleSystems":true,"showVisualEffectGraphs":true,"m_FxEnabled":true},"in2DMode":false,"pivot":{"x":0.6666021347045898,"y":1.1105711460113526,"z":-1.9208862781524659},"rotation":{"x":-0.003719303524121642,"y":-0.9959536194801331,"z":0.07625030726194382,"w":-0.048408739268779758},"size":1.2575174570083619,"orthographic":false}