{"cameraMode":{"drawMode":0,"name":"Shaded","section":"Shading Mode"},"sceneLighting":false,"audioPlay":false,"sceneViewState":{"m_AlwaysRefresh":false,"showFog":true,"showSkybox":false,"showFlares":true,"showImageEffects":true,"showParticleSystems":true,"showVisualEffectGraphs":true,"m_FxEnabled":true},"in2DMode":false,"pivot":{"x":-0.0023827552795410158,"y":7.27587890625,"z":0.0057762861251831059},"rotation":{"x":0.2925512194633484,"y":-0.09529408067464829,"z":0.029322126880288125,"w":0.95108962059021},"size":8.658193588256836,"orthographic":false}