{"cameraMode":{"drawMode":0,"name":"Shaded","section":"Shading Mode"},"sceneLighting":false,"audioPlay":false,"sceneViewState":{"m_AlwaysRefresh":false,"showFog":true,"showSkybox":false,"showFlares":true,"showImageEffects":true,"showParticleSystems":true,"showVisualEffectGraphs":true,"m_FxEnabled":true},"in2DMode":false,"pivot":{"x":2.999997615814209,"y":1.0798672437667847,"z":-4.76837158203125e-7},"rotation":{"x":0.07005547732114792,"y":0.008125429973006249,"z":-0.0004528609861154109,"w":0.9975497722625732},"size":4.298255920410156,"orthographic":false}