{"cameraMode":{"drawMode":0,"name":"Shaded","section":"Shading Mode"},"sceneLighting":false,"audioPlay":false,"sceneViewState":{"m_AlwaysRefresh":false,"showFog":true,"showSkybox":false,"showFlares":true,"showImageEffects":true,"showParticleSystems":true,"showVisualEffectGraphs":true,"m_FxEnabled":true},"in2DMode":false,"pivot":{"x":-9.185582160949707,"y":41.21439743041992,"z":238.26385498046876},"rotation":{"x":0.3633168339729309,"y":0.00011642453318927437,"z":-0.00004207178426440805,"w":0.9317094683647156},"size":5.293239116668701,"orthographic":false}