{"cameraMode":{"drawMode":0,"name":"Shaded","section":"Shading Mode"},"sceneLighting":false,"audioPlay":false,"sceneViewState":{"m_AlwaysRefresh":false,"showFog":true,"showSkybox":false,"showFlares":true,"showImageEffects":true,"showParticleSystems":true,"showVisualEffectGraphs":true,"m_FxEnabled":true},"in2DMode":false,"pivot":{"x":-0.019798994064331056,"y":0.415260910987854,"z":0.002392888069152832},"rotation":{"x":0.015344435349106789,"y":-0.8252494931221008,"z":0.02248324453830719,"w":0.5647783279418945},"size":2.267338752746582,"orthographic":false}