{"cameraMode":{"drawMode":0,"name":"Shaded","section":"Shading Mode"},"sceneLighting":true,"audioPlay":false,"sceneViewState":{"m_AlwaysRefresh":false,"showFog":true,"showSkybox":false,"showFlares":true,"showImageEffects":true,"showParticleSystems":true,"showVisualEffectGraphs":true,"m_FxEnabled":true},"in2DMode":false,"pivot":{"x":-0.004250049591064453,"y":8.57780647277832,"z":-0.9984946250915527},"rotation":{"x":-0.037660665810108188,"y":-0.0837167501449585,"z":0.0022723395377397539,"w":-0.9962528944015503},"size":12.210395812988282,"orthographic":false}