{"cameraMode":{"drawMode":0,"name":"Shaded","section":"Shading Mode"},"sceneLighting":false,"audioPlay":false,"sceneViewState":{"m_AlwaysRefresh":false,"showFog":true,"showSkybox":false,"showFlares":true,"showImageEffects":true,"showParticleSystems":true,"showVisualEffectGraphs":true,"m_FxEnabled":true},"in2DMode":false,"pivot":{"x":-10.0023832321167,"y":2.1152076721191408,"z":0.0057756900787353519},"rotation":{"x":0.03408709540963173,"y":-0.5361562967300415,"z":0.021689919754862787,"w":0.8432116508483887},"size":3.6201531887054445,"orthographic":false}