{"cameraMode":{"drawMode":0,"name":"Shaded","section":"Shading Mode"},"sceneLighting":false,"audioPlay":false,"sceneViewState":{"m_AlwaysRefresh":false,"showFog":true,"showSkybox":false,"showFlares":true,"showImageEffects":true,"showParticleSystems":true,"showVisualEffectGraphs":true,"m_FxEnabled":true},"in2DMode":false,"pivot":{"x":-0.6446917057037354,"y":1.1131962537765504,"z":2.0508432388305666},"rotation":{"x":-0.003719303524121642,"y":-0.9959536194801331,"z":0.07625030726194382,"w":-0.048408739268779758},"size":1.2886970043182374,"orthographic":false}